b'A',b'A',b'A',b'A'
b'abide',b'abode; abided',b'abode; abided',b'\xd0\xbf\xd1\x80\xd0\xb5\xd0\xb1\xd1\x8b\xd0\xb2\xd0\xb0\xd1\x82\xd1\x8c; \xd0\xb4\xd0\xb5\xd1\x80\xd0\xb6\xd0\xb0\xd1\x82\xd1\x8c\xd1\x81\xd1\x8f'
b'arise',b'arose',b'arisen',b'\xd0\xbf\xd0\xbe\xd0\xb4\xd0\xbd\xd1\x8f\xd1\x82\xd1\x8c\xd1\x81\xd1\x8f; \xd0\xb2\xd0\xbe\xd0\xb7\xd0\xbd\xd0\xb8\xd0\xba\xd0\xbd\xd1\x83\xd1\x82\xd1\x8c'
b'awake',b'awoke',b'awaked; awoke',b'\xd0\xb1\xd1\x83\xd0\xb4\xd0\xb8\xd1\x82\xd1\x8c; \xd0\xbf\xd1\x80\xd0\xbe\xd1\x81\xd0\xbd\xd1\x83\xd1\x82\xd1\x8c\xd1\x81\xd1\x8f'
b'B',b'B',b'B',b'B'
b'backbite',b'backbitten',b'backbitten',b'\xd0\xba\xd0\xbb\xd0\xb5\xd0\xb2\xd0\xb5\xd1\x82\xd0\xb0\xd1\x82\xd1\x8c'
b'backslide',b'backslid',b'backslid',b'\xd0\xbe\xd1\x82\xd0\xbf\xd0\xb0\xd0\xb4\xd0\xb0\xd1\x82\xd1\x8c'
b'be',b'was; were',b'been',b'\xd0\xb1\xd1\x8b\xd1\x82\xd1\x8c; \xd0\xbd\xd0\xb5\xd1\x81\xd1\x82\xd0\xb8; \xd1\x80\xd0\xbe\xd0\xb4\xd0\xb8\xd1\x82\xd1\x8c'
b'bear',b'bore',b'born; borne',b'\xd1\x80\xd0\xbe\xd0\xb4\xd0\xb8\xd1\x82\xd1\x8c'
b'beat',b'beat',b'beaten',b'\xd0\xb1\xd0\xb8\xd1\x82\xd1\x8c'
b'become',b'became',b'become',b'\xd1\x81\xd1\x82\xd0\xb0\xd1\x82\xd1\x8c; \xd1\x81\xd0\xb4\xd0\xb5\xd0\xbb\xd0\xb0\xd1\x82\xd1\x8c\xd1\x81\xd1\x8f'
b'befall',b'befell',b'befallen',b'\xd1\x81\xd0\xbb\xd1\x83\xd1\x87\xd0\xb8\xd1\x82\xd1\x8c\xd1\x81\xd1\x8f'
b'beget',b'begot; begat',b'begotten',b'\xd0\xbf\xd0\xbe\xd1\x80\xd0\xbe\xd0\xb6\xd0\xb4\xd0\xb0\xd1\x82\xd1\x8c'
b'begin',b'began',b'begun',b'\xd0\xbd\xd0\xb0\xd1\x87\xd0\xb0\xd1\x82\xd1\x8c'
b'begird',b'begirt',b'begirt',b'\xd0\xbe\xd0\xbf\xd0\xbe\xd1\x8f\xd1\x81\xd1\x8b\xd0\xb2\xd0\xb0\xd1\x82\xd1\x8c'
b'behold',b'beheld',b'beheld',b'\xd0\xb7\xd1\x80\xd0\xb5\xd1\x82\xd1\x8c'
b'bend',b'bent',b'bent; bended',b'\xd1\x81\xd0\xbe\xd0\xb3\xd0\xbd\xd1\x83\xd1\x82\xd1\x8c(\xd1\x81\xd1\x8f)'
b'bereave',b'bereft; bereaved',b'bereft; bereaved',b'\xd0\xbb\xd0\xb8\xd1\x88\xd0\xb0\xd1\x82\xd1\x8c'
b'beseech',b'besought; beseeched',b'besought; beseeched',b'\xd1\x83\xd0\xbc\xd0\xbe\xd0\xbb\xd1\x8f\xd1\x82\xd1\x8c; \xd1\x83\xd0\xbf\xd1\x80\xd0\xb0\xd1\x88\xd0\xb8\xd0\xb2\xd0\xb0\xd1\x82\xd1\x8c'
b'beset',b'beset',b'beset',b'\xd0\xbe\xd1\x81\xd0\xb0\xd0\xb6\xd0\xb4\xd0\xb0\xd1\x82\xd1\x8c'
b'bespeak',b'bespoke',b'bespoke; bespoken',b'\xd0\xb7\xd0\xb0\xd0\xba\xd0\xb0\xd0\xb7\xd1\x8b\xd0\xb2\xd0\xb0\xd1\x82\xd1\x8c'
b'bespit',b'bespat',b'bespat',b'\xd0\xb7\xd0\xb0\xd0\xbf\xd0\xbb\xd0\xb5\xd0\xb2\xd1\x8b\xd0\xb2\xd0\xb0\xd1\x82\xd1\x8c'
b'bestride',b'bestrode',b'bestridden',b'\xd1\x81\xd0\xb0\xd0\xb4\xd0\xb8\xd1\x82\xd1\x8c\xd1\x81\xd1\x8f; \xd1\x81\xd0\xb8\xd0\xb4\xd0\xb5\xd1\x82\xd1\x8c \xd0\xb2\xd0\xb5\xd1\x80\xd1\x85\xd0\xbe\xd0\xbc'
b'bet',b'bet; betted',b'bet; betted',b'\xd0\xb4\xd0\xb5\xd1\x80\xd0\xb6\xd0\xb0\xd1\x82\xd1\x8c \xd0\xbf\xd0\xb0\xd1\x80\xd0\xb8'
b'betake',b'betook',b'betaken',b'\xd0\xbf\xd1\x80\xd0\xb8\xd0\xbd\xd0\xb8\xd0\xbc\xd0\xb0\xd1\x82\xd1\x8c\xd1\x81\xd1\x8f; \xd0\xbe\xd1\x82\xd0\xbf\xd1\x80\xd0\xb0\xd0\xb2\xd0\xbb\xd1\x8f\xd1\x82\xd1\x8c\xd1\x81\xd1\x8f'
b'bid',b'bad; bade; bid',b'bid; bidden',b'\xd0\xb2\xd0\xb5\xd0\xbb\xd0\xb5\xd1\x82\xd1\x8c; \xd0\xbf\xd1\x80\xd0\xbe\xd1\x81\xd0\xb8\xd1\x82\xd1\x8c'
b'bind',b'bound',b'bound',b'\xd1\x81\xd0\xb2\xd1\x8f\xd0\xb7\xd0\xb0\xd1\x82\xd1\x8c'
b'bite',b'bit',b'bit; bitten',b'\xd0\xba\xd1\x83\xd1\x81\xd0\xb0\xd1\x82\xd1\x8c'
b'bleed',b'bled',b'bled',b'\xd0\xba\xd1\x80\xd0\xbe\xd0\xb2\xd0\xbe\xd1\x82\xd0\xbe\xd1\x87\xd0\xb8\xd1\x82\xd1\x8c'
b'bless',b'blessed',b'blessed; blest',b'\xd0\xb1\xd0\xbb\xd0\xb0\xd0\xb3\xd0\xbe\xd1\x81\xd0\xbb\xd0\xbe\xd0\xb2\xd0\xbb\xd1\x8f\xd1\x82\xd1\x8c'
b'blow',b'blew',b'blown; blowed',b'\xd0\xb4\xd1\x83\xd1\x82\xd1\x8c'
b'break',b'broke',b'broken',b'(\xd1\x81)\xd0\xbb\xd0\xbe\xd0\xbc\xd0\xb0\xd1\x82\xd1\x8c'
b'breed',b'bred',b'bred',b'\xd0\xb2\xd1\x8b\xd1\x80\xd0\xb0\xd1\x89\xd0\xb8\xd0\xb2\xd0\xb0\xd1\x82\xd1\x8c'
b'bring',b'brought',b'brought',b'\xd0\xbf\xd1\x80\xd0\xb8\xd0\xbd\xd0\xb5\xd1\x81\xd1\x82\xd0\xb8'
b'broadcast',b'broadcast',b'broadcast',b'\xd1\x80\xd0\xb0\xd1\x81\xd0\xbf\xd1\x80\xd0\xbe\xd1\x81\xd1\x82\xd1\x80\xd0\xb0\xd0\xbd\xd1\x8f\xd1\x82\xd1\x8c; \xd1\x80\xd0\xb0\xd0\xb7\xd0\xb1\xd1\x80\xd0\xb0\xd1\x81\xd1\x8b\xd0\xb2\xd0\xb0\xd1\x82\xd1\x8c'
b'browbeat',b'browbeat',b'browbeaten',b'\xd0\xb7\xd0\xb0\xd0\xbf\xd1\x83\xd0\xb3\xd0\xb8\xd0\xb2\xd0\xb0\xd1\x82\xd1\x8c'
b'build',b'built',b'built',b'\xd1\x81\xd1\x82\xd1\x80\xd0\xbe\xd0\xb8\xd1\x82\xd1\x8c'
b'burn',b'burnt; burned',b'burnt; burned',b'\xd0\xb6\xd0\xb5\xd1\x87\xd1\x8c; \xd0\xb3\xd0\xbe\xd1\x80\xd0\xb5\xd1\x82\xd1\x8c'
b'burst',b'burst',b'burst',b'\xd1\x80\xd0\xb0\xd0\xb7\xd1\x80\xd0\xb0\xd0\xb7\xd0\xb8\xd1\x82\xd1\x8c\xd1\x81\xd1\x8f; \xd0\xb2\xd0\xb7\xd0\xbe\xd1\x80\xd0\xb2\xd0\xb0\xd1\x82\xd1\x8c\xd1\x81\xd1\x8f'
b'bust',b'bust; busted',b'bust; busted',b'\xd1\x80\xd0\xb0\xd0\xb7\xd0\xb6\xd0\xb0\xd0\xbb\xd0\xbe\xd0\xb2\xd0\xb0\xd1\x82\xd1\x8c'
b'buy',b'bought',b'bought',b'\xd0\xba\xd1\x83\xd0\xbf\xd0\xb8\xd1\x82\xd1\x8c'
b'C ',b'C ',b'C ',b'C '
b'can',b'could',b'- / been able',b'\xd0\xbc\xd0\xbe\xd1\x87\xd1\x8c; \xd1\x83\xd0\xbc\xd0\xb5\xd1\x82\xd1\x8c'
b'cast',b'cast',b'cast',b'\xd0\xba\xd0\xb8\xd0\xbd\xd1\x83\xd1\x82\xd1\x8c; \xd0\xbb\xd0\xb8\xd1\x82\xd1\x8c \xd0\xbc\xd0\xb5\xd1\x82\xd0\xb0\xd0\xbb\xd0\xbb'
b'catch',b'caught',b'caught',b'\xd0\xbb\xd0\xbe\xd0\xb2\xd0\xb8\xd1\x82\xd1\x8c; \xd0\xbf\xd0\xbe\xd0\xb9\xd0\xbc\xd0\xb0\xd1\x82\xd1\x8c'
b'chide',b'chid; chided',b'chid; chided; chidden',b'\xd0\xb1\xd1\x80\xd0\xb0\xd0\xbd\xd0\xb8\xd1\x82\xd1\x8c'
b'choose',b'chose',b'chosen',b'\xd0\xb2\xd1\x8b\xd0\xb1\xd1\x80\xd0\xb0\xd1\x82\xd1\x8c'
b'cleave',b'clove; cleft; cleaved',b'cloven; cleft; cleaved',b'\xd1\x80\xd0\xb0\xd1\x81\xd1\x81\xd0\xb5\xd1\x87\xd1\x8c'
b'cling',b'clung',b'clung',b'\xd1\x86\xd0\xb5\xd0\xbf\xd0\xbb\xd1\x8f\xd1\x82\xd1\x8c\xd1\x81\xd1\x8f; \xd0\xbb\xd1\x8c\xd0\xbd\xd1\x83\xd1\x82\xd1\x8c'
b'come',b'came',b'come',b'\xd0\xbf\xd1\x80\xd0\xb8\xd0\xb9\xd1\x82\xd0\xb8'
b'cost',b'cost',b'cost',b'\xd1\x81\xd1\x82\xd0\xbe\xd0\xb8\xd1\x82\xd1\x8c'
b'countersink',b'countersank',b'countersunk',b'\xd0\xb7\xd0\xb5\xd0\xbd\xd0\xba\xd0\xbe\xd0\xb2\xd0\xb0\xd1\x82\xd1\x8c'
b'creep',b'crept',b'crept',b'\xd0\xbf\xd0\xbe\xd0\xbb\xd0\xb7\xd1\x82\xd0\xb8'
b'crow',b'crowed; crew',b'crowed',b'\xd0\xbf\xd0\xb5\xd1\x82\xd1\x8c (\xd0\xbe \xd0\xbf\xd0\xb5\xd1\x82\xd1\x83\xd1\x85\xd0\xb5)'
b'cut',b'cut',b'cut',b'\xd1\x80\xd0\xb5\xd0\xb7\xd0\xb0\xd1\x82\xd1\x8c'
b'D ',b'D ',b'D ',b'D '
b'dare',b'durst; dared',b'dared',b'\xd1\x81\xd0\xbc\xd0\xb5\xd1\x82\xd1\x8c'
b'deal',b'dealt',b'dealt',b'\xd0\xb8\xd0\xbc\xd0\xb5\xd1\x82\xd1\x8c \xd0\xb4\xd0\xb5\xd0\xbb\xd0\xbe'
b'dig',b'dug',b'dug',b'\xd0\xba\xd0\xbe\xd0\xbf\xd0\xb0\xd1\x82\xd1\x8c'
b'dive',b'dived; dove',b'dived',b'\xd0\xbd\xd1\x8b\xd1\x80\xd1\x8f\xd1\x82\xd1\x8c; \xd0\xbf\xd0\xbe\xd0\xb3\xd1\x80\xd1\x83\xd0\xb6\xd0\xb0\xd1\x82\xd1\x8c\xd1\x81\xd1\x8f'
b'do',b'did',b'done',b'\xd0\xb4\xd0\xb5\xd0\xbb\xd0\xb0\xd1\x82\xd1\x8c'
b'draw',b'drew',b'drawn',b'\xd1\x82\xd0\xb0\xd1\x89\xd0\xb8\xd1\x82\xd1\x8c; \xd1\x80\xd0\xb8\xd1\x81\xd0\xbe\xd0\xb2\xd0\xb0\xd1\x82\xd1\x8c'
b'dream',b'dreamt; dreamed',b'dreamt; dreamed',b'\xd0\xb3\xd1\x80\xd0\xb5\xd0\xb7\xd0\xb8\xd1\x82\xd1\x8c; \xd0\xbc\xd0\xb5\xd1\x87\xd1\x82\xd0\xb0\xd1\x82\xd1\x8c'
b'drink',b'drank',b'drunk',b'\xd0\xbf\xd0\xb8\xd1\x82\xd1\x8c; \xd0\xb2\xd1\x8b\xd0\xbf\xd0\xb8\xd1\x82\xd1\x8c'
b'drive',b'drove',b'driven',b'\xd0\xb3\xd0\xbd\xd0\xb0\xd1\x82\xd1\x8c; \xd0\xb5\xd1\x85\xd0\xb0\xd1\x82\xd1\x8c'
b'dwell',b'dwelt',b'dwelt',b'\xd0\xbe\xd0\xb1\xd0\xb8\xd1\x82\xd0\xb0\xd1\x82\xd1\x8c; \xd0\xb7\xd0\xb0\xd0\xb4\xd0\xb5\xd1\x80\xd0\xb6\xd0\xb8\xd0\xb2\xd0\xb0\xd1\x82\xd1\x8c\xd1\x81\xd1\x8f'
b'E ',b'E ',b'E ',b'E '
b'eat',b'ate',b'eaten',b'\xd0\xba\xd1\x83\xd1\x88\xd0\xb0\xd1\x82\xd1\x8c; \xd0\xb5\xd1\x81\xd1\x82\xd1\x8c'
b'F ',b'F ',b'F ',b'F '
b'fall',b'fell',b'fallen',b'\xd0\xbf\xd0\xb0\xd0\xb4\xd0\xb0\xd1\x82\xd1\x8c'
b'feed',b'fed',b'fed',b'\xd0\xba\xd0\xbe\xd1\x80\xd0\xbc\xd0\xb8\xd1\x82\xd1\x8c'
b'feel',b'felt',b'felt',b'\xd1\x87\xd1\x83\xd0\xb2\xd1\x81\xd1\x82\xd0\xb2\xd0\xbe\xd0\xb2\xd0\xb0\xd1\x82\xd1\x8c'
b'fight',b'fought',b'fought',b'\xd1\x81\xd1\x80\xd0\xb0\xd0\xb6\xd0\xb0\xd1\x82\xd1\x8c\xd1\x81\xd1\x8f'
b'find',b'found',b'found',b'\xd0\xbd\xd0\xb0\xd1\x85\xd0\xbe\xd0\xb4\xd0\xb8\xd1\x82\xd1\x8c'
b'flee',b'fled',b'fled',b'\xd0\xb1\xd0\xb5\xd0\xb6\xd0\xb0\xd1\x82\xd1\x8c; \xd1\x81\xd0\xbf\xd0\xb0\xd1\x81\xd0\xb0\xd1\x82\xd1\x8c\xd1\x81\xd1\x8f'
b'fling',b'flung',b'flung',b'\xd0\xb1\xd1\x80\xd0\xbe\xd1\x81\xd0\xb8\xd1\x82\xd1\x8c'
b'floodlight',b'floodlighted; floodlit',b'floodlighted; floodlit',b'\xd0\xbe\xd1\x81\xd0\xb2\xd0\xb5\xd1\x89\xd0\xb0\xd1\x82\xd1\x8c \xd0\xbf\xd1\x80\xd0\xbe\xd0\xb6\xd0\xb5\xd0\xba\xd1\x82\xd0\xbe\xd1\x80\xd0\xbe\xd0\xbc'
b'fly',b'flew',b'flown',b'\xd0\xbb\xd0\xb5\xd1\x82\xd0\xb0\xd1\x82\xd1\x8c'
b'forbear',b'forbore',b'forborne',b'\xd0\xb2\xd0\xbe\xd0\xb7\xd0\xb4\xd0\xb5\xd1\x80\xd0\xb6\xd0\xb8\xd0\xb2\xd0\xb0\xd1\x82\xd1\x8c\xd1\x81\xd1\x8f'
b'forbid',b'forbad; forbade',b'forbidden',b'\xd0\xb7\xd0\xb0\xd0\xbf\xd1\x80\xd0\xb5\xd1\x82\xd0\xb8\xd1\x82\xd1\x8c'
b'forecast',b'forecast; forecasted',b'forecast; forecasted',b'\xd0\xbf\xd1\x80\xd0\xb5\xd0\xb4\xd1\x81\xd0\xba\xd0\xb0\xd0\xb7\xd1\x8b\xd0\xb2\xd0\xb0\xd1\x82\xd1\x8c'
b'foresee',b'foresaw',b'foreseen',b'\xd0\xbf\xd1\x80\xd0\xb5\xd0\xb4\xd0\xb2\xd0\xb8\xd0\xb4\xd0\xb5\xd1\x82\xd1\x8c'
b'foretell',b'foretold',b'foretold',b'\xd0\xbf\xd1\x80\xd0\xb5\xd0\xb4\xd1\x81\xd0\xba\xd0\xb0\xd0\xb7\xd1\x8b\xd0\xb2\xd0\xb0\xd1\x82\xd1\x8c'
b'forget',b'forgot',b'forgotten',b'\xd0\xb7\xd0\xb0\xd0\xb1\xd1\x8b\xd1\x82\xd1\x8c'
b'forgive',b'forgave',b'forgiven',b'\xd0\xbf\xd1\x80\xd0\xbe\xd1\x81\xd1\x82\xd0\xb8\xd1\x82\xd1\x8c'
b'forsake',b'forsook',b'forsaken',b'\xd0\xbf\xd0\xbe\xd0\xba\xd0\xb8\xd0\xb4\xd0\xb0\xd1\x82\xd1\x8c'
b'forswear',b'forswore',b'forsworn',b'\xd0\xbe\xd1\x82\xd1\x80\xd0\xb5\xd0\xba\xd0\xb0\xd1\x82\xd1\x8c\xd1\x81\xd1\x8f'
b'freeze',b'froze',b'frozen',b'\xd0\xb7\xd0\xb0\xd0\xbc\xd0\xb5\xd1\x80\xd0\xb7\xd0\xbd\xd1\x83\xd1\x82\xd1\x8c; \xd0\xb7\xd0\xb0\xd0\xbc\xd0\xbe\xd1\x80\xd0\xb0\xd0\xb6\xd0\xb8\xd0\xb2\xd0\xb0\xd1\x82\xd1\x8c'
b'G ',b'G ',b'G ',b'G '
b'gainsay',b'gainsaid',b'gainsaid',b'\xd0\xbe\xd1\x82\xd1\x80\xd0\xb8\xd1\x86\xd0\xb0\xd1\x82\xd1\x8c; \xd0\xbf\xd1\x80\xd0\xbe\xd1\x82\xd0\xb8\xd0\xb2\xd0\xbe\xd1\x80\xd0\xb5\xd1\x87\xd0\xb8\xd1\x82\xd1\x8c'
b'get',b'got',b'got',b'\xd0\xbf\xd0\xbe\xd0\xbb\xd1\x83\xd1\x87\xd0\xb8\xd1\x82\xd1\x8c'
b'gild',b'gilt; gilded',b'gilt; gilded',b'\xd0\xbf\xd0\xbe\xd0\xb7\xd0\xbe\xd0\xbb\xd0\xbe\xd1\x82\xd0\xb8\xd1\x82\xd1\x8c'
b'gird',b'girded; girt',b'girded; girt',b'\xd0\xbe\xd0\xbf\xd0\xbe\xd1\x8f\xd1\x81\xd1\x8b\xd0\xb2\xd0\xb0\xd1\x82\xd1\x8c'
b'give',b'gave',b'given',b'\xd0\xb4\xd0\xb0\xd1\x82\xd1\x8c'
b'go',b'went',b'gone',b'\xd0\xb8\xd0\xb4\xd1\x82\xd0\xb8; \xd1\x83\xd1\x85\xd0\xbe\xd0\xb4\xd0\xb8\xd1\x82\xd1\x8c'
b'grave',b'graved',b'graved; graven',b'\xd0\xb3\xd1\x80\xd0\xb0\xd0\xb2\xd0\xb8\xd1\x80\xd0\xbe\xd0\xb2\xd0\xb0\xd1\x82\xd1\x8c'
b'grind',b'ground',b'ground',b'\xd1\x82\xd0\xbe\xd1\x87\xd0\xb8\xd1\x82\xd1\x8c; \xd0\xbc\xd0\xbe\xd0\xbb\xd0\xbe\xd1\x82\xd1\x8c'
b'grow',b'grew',b'grown',b'\xd1\x80\xd0\xb0\xd1\x81\xd1\x82\xd0\xb8'
b'H ',b'H ',b'H ',b'H '
b'hamstring',b'hamstringed; hamstrung',b'hamstringed; hamstrung',b'\xd0\xbf\xd0\xbe\xd0\xb4\xd1\x80\xd0\xb5\xd0\xb7\xd0\xb0\xd1\x82\xd1\x8c \xd0\xbf\xd0\xbe\xd0\xb4\xd0\xb6\xd0\xb8\xd0\xbb\xd0\xba\xd0\xb8'
b'hang',b'hung; hanged',b'hung; hanged',b'\xd0\xb2\xd0\xb8\xd1\x81\xd0\xb5\xd1\x82\xd1\x8c; \xd0\xbf\xd0\xbe\xd0\xb2\xd0\xb5\xd1\x81\xd0\xb8\xd1\x82\xd1\x8c'
b'have',b'had',b'had',b'\xd0\xb8\xd0\xbc\xd0\xb5\xd1\x82\xd1\x8c'
b'hear',b'heard',b'heard',b'\xd1\x81\xd0\xbb\xd1\x83\xd1\x88\xd0\xb0\xd1\x82\xd1\x8c'
b'heave',b'heaved; hove',b'heaved; hove',b'\xd0\xbf\xd0\xbe\xd0\xb4\xd1\x8b\xd0\xbc\xd0\xb0\xd1\x82\xd1\x8c(\xd1\x81\xd1\x8f)'
b'hew',b'hewed/td> ',b'hewed; hewn',b'\xd1\x80\xd1\x83\xd0\xb1\xd0\xb8\xd1\x82\xd1\x8c; \xd1\x82\xd0\xb5\xd1\x81\xd0\xb0\xd1\x82\xd1\x8c'
b'hide',b'hid',b'hidden',b'\xd0\xbf\xd1\x80\xd1\x8f\xd1\x82\xd0\xb0\xd1\x82\xd1\x8c(\xd1\x81\xd1\x8f)'
b'hit',b'hit',b'hit',b'\xd1\x83\xd0\xb4\xd0\xb0\xd1\x80\xd0\xb8\xd1\x82\xd1\x8c; \xd0\xbf\xd0\xbe\xd0\xbf\xd0\xb0\xd1\x81\xd1\x82\xd1\x8c'
b'hold',b'held',b'held',b'\xd0\xb4\xd0\xb5\xd1\x80\xd0\xb6\xd0\xb0\xd1\x82\xd1\x8c'
b'hurt',b'hurt',b'hurt',b'\xd0\xbf\xd1\x80\xd0\xb8\xd1\x87\xd0\xb8\xd0\xbd\xd0\xb8\xd1\x82\xd1\x8c \xd0\xb1\xd0\xbe\xd0\xbb\xd1\x8c'
b'I',b'I',b'I',b'I'
b'inlay',b'inlaid',b'inlaid',b'\xd0\xb2\xd0\xba\xd0\xbb\xd0\xb0\xd0\xb4\xd1\x8b\xd0\xb2\xd0\xb0\xd1\x82\xd1\x8c; \xd0\xb2\xd1\x8b\xd1\x81\xd1\x82\xd0\xb8\xd0\xbb\xd0\xb0\xd1\x82\xd1\x8c'
b'input',b'input; inputted',b'input; inputted',b'\xd0\xb2\xd1\x85\xd0\xbe\xd0\xb4\xd0\xb8\xd1\x82\xd1\x8c'
b'inset',b'inset',b'inset',b'\xd0\xb2\xd1\x81\xd1\x82\xd0\xb0\xd0\xb2\xd0\xbb\xd1\x8f\xd1\x82\xd1\x8c; \xd0\xb2\xd0\xba\xd0\xbb\xd0\xb0\xd0\xb4\xd1\x8b\xd0\xb2\xd0\xb0\xd1\x82\xd1\x8c'
b'interweave',b'interwove',b'interwoven',b'\xd0\xb2\xd0\xbe\xd1\x82\xd0\xba\xd0\xb0\xd1\x82\xd1\x8c'
b'K',b'K',b'K',b'K'
b'keep',b'kept',b'kept',b'\xd1\x85\xd1\x80\xd0\xb0\xd0\xbd\xd0\xb8\xd1\x82\xd1\x8c'
b'ken',b'kenned; kent',b'kenned',b'\xd0\xb7\xd0\xbd\xd0\xb0\xd1\x82\xd1\x8c; \xd1\x83\xd0\xb7\xd0\xbd\xd0\xb0\xd0\xb2\xd0\xb0\xd1\x82\xd1\x8c \xd0\xbf\xd0\xbe \xd0\xb2\xd0\xb8\xd0\xb4\xd1\x83'
b'kneel',b'knelt; kneeled',b'knelt; kneeled',b'\xd1\x81\xd1\x82\xd0\xb0\xd0\xbd\xd0\xbe\xd0\xb2\xd0\xb8\xd1\x82\xd1\x8c\xd1\x81\xd1\x8f \xd0\xbd\xd0\xb0 \xd0\xba\xd0\xbe\xd0\xbb\xd0\xb5\xd0\xbd\xd0\xb8'
b'knit',b'knit; knitted',b'knit; knitted',b'\xd0\xb2\xd1\x8f\xd0\xb7\xd0\xb0\xd1\x82\xd1\x8c'
b'know',b'knew',b'known',b'\xd0\xb7\xd0\xbd\xd0\xb0\xd1\x82\xd1\x8c'
b'L',b'L',b'L',b'L'
b'lade',b'laded',b'laded; laden',b'\xd0\xb3\xd1\x80\xd1\x83\xd0\xb7\xd0\xb8\xd1\x82\xd1\x8c'
b'lay',b'laid',b'laid',b'\xd0\xba\xd0\xbb\xd0\xb0\xd1\x81\xd1\x82\xd1\x8c; \xd0\xbf\xd0\xbe\xd0\xbb\xd0\xbe\xd0\xb6\xd0\xb8\xd1\x82\xd1\x8c'
b'lead',b'led',b'led',b'\xd0\xb2\xd0\xb5\xd1\x81\xd1\x82\xd0\xb8'
b'lean',b'leant; leaned',b'leant; leaned',b'\xd0\xbe\xd0\xbf\xd0\xb5\xd1\x80\xd0\xb5\xd1\x82\xd1\x8c\xd1\x81\xd1\x8f; \xd0\xbf\xd1\x80\xd0\xb8\xd1\x81\xd0\xbb\xd0\xbe\xd0\xbd\xd0\xb8\xd1\x82\xd1\x8c\xd1\x81\xd1\x8f'
b'leap',b'leapt; leaped',b'leapt; leaped',b'\xd0\xbf\xd1\x80\xd1\x8b\xd0\xb3\xd0\xb0\xd1\x82\xd1\x8c'
b'learn',b'learnt; learned',b'learnt; learned',b'\xd1\x83\xd1\x87\xd0\xb8\xd1\x82\xd1\x8c'
b'leave',b'left',b'left',b'\xd0\xbe\xd1\x81\xd1\x82\xd0\xb0\xd0\xb2\xd0\xb8\xd1\x82\xd1\x8c'
b'lend',b'lent',b'lent',b'\xd0\xbe\xd0\xb4\xd0\xbe\xd0\xbb\xd0\xb6\xd0\xb8\xd1\x82\xd1\x8c'
b'let',b'let',b'let',b'\xd0\xbf\xd1\x83\xd1\x81\xd1\x82\xd0\xb8\xd1\x82\xd1\x8c; \xd0\xb4\xd0\xb0\xd1\x82\xd1\x8c'
b'lie',b'lay',b'lain',b'\xd0\xbb\xd0\xb5\xd0\xb6\xd0\xb0\xd1\x82\xd1\x8c'
b'light',b'lit; lighted',b'lit; lighted',b'\xd0\xbe\xd1\x81\xd0\xb2\xd0\xb5\xd1\x82\xd0\xb8\xd1\x82\xd1\x8c'
b'lose',b'lost',b'lost',b'\xd1\x82\xd0\xb5\xd1\x80\xd1\x8f\xd1\x82\xd1\x8c'
b'M',b'M',b'M',b'M'
b'make',b'made',b'made',b'\xd0\xb4\xd0\xb5\xd0\xbb\xd0\xb0\xd1\x82\xd1\x8c'
b'may',b'might',b'might',b'\xd0\xbc\xd0\xbe\xd1\x87\xd1\x8c; \xd0\xb8\xd0\xbc\xd0\xb5\xd1\x82\xd1\x8c \xd0\xb2\xd0\xbe\xd0\xb7\xd0\xbc\xd0\xbe\xd0\xb6\xd0\xbd\xd0\xbe\xd1\x81\xd1\x82\xd1\x8c'
b'mean',b'meant',b'meant',b'\xd0\xbf\xd0\xbe\xd0\xb4\xd1\x80\xd0\xb0\xd0\xb7\xd1\x83\xd0\xbc\xd0\xb5\xd0\xb2\xd0\xb0\xd1\x82\xd1\x8c'
b'meet',b'met',b'met',b'\xd0\xb2\xd1\x81\xd1\x82\xd1\x80\xd0\xb5\xd1\x82\xd0\xb8\xd1\x82\xd1\x8c'
b'miscast',b'miscast',b'miscast',b'\xd0\xbd\xd0\xb5\xd0\xbf\xd1\x80\xd0\xb0\xd0\xb2\xd0\xb8\xd0\xbb\xd1\x8c\xd0\xbd\xd0\xbe \xd1\x80\xd0\xb0\xd1\x81\xd0\xbf\xd1\x80\xd0\xb5\xd0\xb4\xd0\xb5\xd0\xbb\xd1\x8f\xd1\x82\xd1\x8c \xd1\x80\xd0\xbe\xd0\xbb\xd0\xb8'
b'misdeal',b'misdealt',b'misdealt',b'\xd0\xbf\xd0\xbe\xd1\x81\xd1\x82\xd1\x83\xd0\xbf\xd0\xb0\xd1\x82\xd1\x8c \xd0\xbd\xd0\xb5\xd0\xbf\xd1\x80\xd0\xb0\xd0\xb2\xd0\xb8\xd0\xbb\xd1\x8c\xd0\xbd\xd0\xbe'
b'misgive',b'misgave',b'misgiven',b'\xd0\xb2\xd0\xbd\xd1\x83\xd1\x88\xd0\xb0\xd1\x82\xd1\x8c \xd0\xbe\xd0\xbf\xd0\xb0\xd1\x81\xd0\xb5\xd0\xbd\xd0\xb8\xd1\x8f'
b'mishear',b'misheard',b'misheard',b'\xd0\xbe\xd1\x81\xd0\xbb\xd1\x8b\xd1\x88\xd0\xb0\xd1\x82\xd1\x8c\xd1\x81\xd1\x8f'
b'mishit',b'mishit',b'mishit',b'\xd0\xbf\xd1\x80\xd0\xbe\xd0\xbc\xd0\xb0\xd1\x85\xd0\xbd\xd1\x83\xd1\x82\xd1\x8c\xd1\x81\xd1\x8f'
b'mislay',b'mislaid',b'mislaid',b'\xd0\xba\xd0\xbb\xd0\xb0\xd1\x81\xd1\x82\xd1\x8c \xd0\xbd\xd0\xb5 \xd0\xbd\xd0\xb0 \xd0\xbc\xd0\xb5\xd1\x81\xd1\x82\xd0\xbe'
b'mislead',b'misled',b'misled',b'\xd0\xb2\xd0\xb2\xd0\xb5\xd1\x81\xd1\x82\xd0\xb8 \xd0\xb2 \xd0\xb7\xd0\xb0\xd0\xb1\xd0\xbb\xd1\x83\xd0\xb6\xd0\xb4\xd0\xb5\xd0\xbd\xd0\xb8\xd0\xb5'
b'misread',b'misread',b'misread',b'\xd0\xbd\xd0\xb5\xd0\xbf\xd1\x80\xd0\xb0\xd0\xb2\xd0\xb8\xd0\xbb\xd1\x8c\xd0\xbd\xd0\xbe \xd0\xb8\xd1\x81\xd1\x82\xd0\xbe\xd0\xbb\xd0\xba\xd0\xbe\xd0\xb2\xd1\x8b\xd0\xb2\xd0\xb0\xd1\x82\xd1\x8c'
b'misspell',b'misspelt; misspeled',b'misspelt; misspeled',b'\xd0\xbf\xd0\xb8\xd1\x81\xd0\xb0\xd1\x82\xd1\x8c \xd1\x81 \xd0\xbe\xd1\x88\xd0\xb8\xd0\xb1\xd0\xba\xd0\xb0\xd0\xbc\xd0\xb8'
b'misspend',b'misspent',b'misspent',b'\xd1\x8d\xd0\xba\xd0\xbe\xd0\xbd\xd0\xbe\xd0\xbc\xd0\xb8\xd1\x82\xd1\x8c'
b'mistake',b'mistook',b'mistaken',b'\xd0\xbd\xd0\xb5\xd0\xbf\xd1\x80\xd0\xb0\xd0\xb2\xd0\xb8\xd0\xbb\xd1\x8c\xd0\xbd\xd0\xbe \xd0\xbf\xd0\xbe\xd0\xbd\xd0\xb8\xd0\xbc\xd0\xb0\xd1\x82\xd1\x8c'
b'misunderstand',b'misunderstood',b'misunderstood',b'\xd0\xbd\xd0\xb5\xd0\xbf\xd1\x80\xd0\xb0\xd0\xb2\xd0\xb8\xd0\xbb\xd1\x8c\xd0\xbd\xd0\xbe \xd0\xbf\xd0\xbe\xd0\xbd\xd0\xb8\xd0\xbc\xd0\xb0\xd1\x82\xd1\x8c'
b'mow',b'mowed',b'mown; mowed',b'\xd0\xba\xd0\xbe\xd1\x81\xd0\xb8\xd1\x82\xd1\x8c'
b'O',b'O',b'O',b'O'
b'outbid',b'outbid',b'outbid',b'\xd0\xbf\xd0\xb5\xd1\x80\xd0\xb5\xd0\xb1\xd0\xb8\xd0\xb2\xd0\xb0\xd1\x82\xd1\x8c \xd1\x86\xd0\xb5\xd0\xbd\xd1\x83'
b'outdo',b'outdid',b'outdone',b'\xd0\xbf\xd1\x80\xd0\xb5\xd0\xb2\xd0\xbe\xd1\x81\xd1\x85\xd0\xbe\xd0\xb4\xd0\xb8\xd1\x82\xd1\x8c'
b'outfight',b'outfought',b'outfought',b'\xd0\xbf\xd0\xbe\xd0\xb1\xd0\xb5\xd0\xb6\xd0\xb4\xd0\xb0\xd1\x82\xd1\x8c (\xd0\xb2 \xd0\xb1\xd0\xbe\xd1\x8e)'
b'outgrow',b'outgrew',b'outgrown',b'\xd0\xb2\xd1\x8b\xd1\x80\xd0\xb0\xd1\x81\xd1\x82\xd0\xb0\xd1\x82\xd1\x8c \xd0\xb8\xd0\xb7'
b'output',b'output; outputted',b'output; outputted',b'\xd0\xb2\xd1\x8b\xd1\x85\xd0\xbe\xd0\xb4\xd0\xb8\xd1\x82\xd1\x8c'
b'outrun',b'outran',b'outrun',b'\xd0\xbf\xd0\xb5\xd1\x80\xd0\xb5\xd0\xb3\xd0\xbe\xd0\xbd\xd1\x8f\xd1\x82\xd1\x8c; \xd0\xbe\xd0\xbf\xd0\xb5\xd1\x80\xd0\xb5\xd0\xb6\xd0\xb0\xd1\x82\xd1\x8c'
b'outsell',b'outsold',b'outsold',b'\xd0\xbf\xd1\x80\xd0\xbe\xd0\xb4\xd0\xb0\xd0\xb2\xd0\xb0\xd1\x82\xd1\x8c \xd0\xbb\xd1\x83\xd1\x87\xd1\x88\xd0\xb5 \xd0\xb8\xd0\xbb\xd0\xb8 \xd0\xb4\xd0\xbe\xd1\x80\xd0\xbe\xd0\xb6\xd0\xb5'
b'outshine',b'outshone',b'outshone',b'\xd0\xb7\xd0\xb0\xd1\x82\xd0\xbc\xd0\xb5\xd0\xb2\xd0\xb0\xd1\x82\xd1\x8c'
b'overbid',b'overbid',b'overbid',b'\xd0\xbf\xd0\xbe\xd0\xb2\xd0\xb5\xd0\xbb\xd0\xb5\xd0\xb2\xd0\xb0\xd1\x82\xd1\x8c'
b'overcome',b'overcame',b'overcome',b'\xd0\xba\xd0\xbe\xd0\xbc\xd0\xbf\xd0\xb5\xd0\xbd\xd1\x81\xd0\xb8\xd1\x80\xd0\xbe\xd0\xb2\xd0\xb0\xd1\x82\xd1\x8c'
b'overdo',b'overdid',b'overdone',b'\xd0\xbf\xd0\xb5\xd1\x80\xd0\xb5\xd0\xb6\xd0\xb0\xd1\x80\xd0\xb8(\xd0\xb2\xd0\xb0)\xd1\x82\xd1\x8c'
b'overdraw',b'overdrew',b'overdrawn',b'\xd0\xbf\xd1\x80\xd0\xb5\xd0\xb2\xd1\x8b\xd1\x88\xd0\xb0\xd1\x82\xd1\x8c'
b'overeat',b'overate',b'overeaten',b'\xd0\xbe\xd0\xb1\xd1\x8a\xd0\xb5\xd0\xb4\xd0\xb0\xd1\x82\xd1\x8c\xd1\x81\xd1\x8f'
b'overfly',b'overflew',b'overflown',b'\xd0\xbf\xd0\xb5\xd1\x80\xd0\xb5\xd0\xbb\xd0\xb5\xd1\x82\xd0\xb0\xd1\x82\xd1\x8c'
b'overhang',b'overhung',b'overhung',b'\xd0\xbd\xd0\xb0\xd0\xb2\xd0\xb8\xd1\x81\xd0\xb0\xd1\x82\xd1\x8c'
b'overhear',b'overheard',b'overheard',b'\xd0\xbf\xd0\xbe\xd0\xb4\xd1\x81\xd0\xbb\xd1\x83\xd1\x88(\xd0\xb8\xd0\xb2)\xd0\xb0\xd1\x82\xd1\x8c'
b'overlay',b'overlaid',b'overlaid',b'\xd0\xbf\xd0\xbe\xd0\xba\xd1\x80\xd1\x8b(\xd0\xb2\xd0\xb0)\xd1\x82\xd1\x8c'
b'overpay',b'overpaid',b'overpaid',b'\xd0\xbf\xd0\xb5\xd1\x80\xd0\xb5\xd0\xbf\xd0\xbb\xd0\xb0\xd1\x87\xd0\xb8\xd0\xb2\xd0\xb0\xd1\x82\xd1\x8c'
b'override',b'overrode',b'overridden',b'\xd0\xbe\xd1\x82\xd0\xb2\xd0\xb5\xd1\x80\xd0\xb3\xd0\xb0\xd1\x82\xd1\x8c; \xd0\xbe\xd1\x82\xd0\xba\xd0\xbb\xd0\xbe\xd0\xbd\xd1\x8f\xd1\x82\xd1\x8c'
b'overrun',b'overran',b'overrun',b'\xd0\xbf\xd0\xb5\xd1\x80\xd0\xb5\xd0\xbb\xd0\xb8\xd0\xb2\xd0\xb0\xd1\x82\xd1\x8c\xd1\x81\xd1\x8f \xd1\x87\xd0\xb5\xd1\x80\xd0\xb5\xd0\xb7 \xd0\xba\xd1\x80\xd0\xb0\xd0\xb9'
b'oversee',b'oversaw',b'overseen',b'\xd0\xbd\xd0\xb0\xd0\xb4\xd0\xb7\xd0\xb8\xd1\x80\xd0\xb0\xd1\x82\xd1\x8c \xd0\xb7\xd0\xb0'
b'overshoot',b'overshot',b'overshot',b'\xd1\x80\xd0\xb0\xd1\x81\xd1\x81\xd1\x82\xd1\x80\xd0\xb5\xd0\xbb\xd1\x8f\xd1\x82\xd1\x8c'
b'oversleep',b'overslept',b'overslept',b'\xd0\xbf\xd1\x80\xd0\xbe\xd1\x81(\xd1\x8b)\xd0\xbf\xd0\xb0\xd1\x82\xd1\x8c'
b'overtake',b'overtook',b'overtaken',b'\xd0\xb4\xd0\xbe\xd0\xb3\xd0\xbe\xd0\xbd\xd1\x8f\xd1\x82\xd1\x8c'
b'overthrow',b'overthrew',b'overthrown',b'\xd1\x81\xd0\xb2\xd0\xb5\xd1\x80\xd0\xb3\xd0\xb0\xd1\x82\xd1\x8c'
b'P',b'P',b'P',b'P'
b'partake',b'partook',b'partaken',b'\xd0\xbf\xd1\x80\xd0\xb8\xd0\xbd\xd0\xb8\xd0\xbc\xd0\xb0\xd1\x82\xd1\x8c \xd1\x83\xd1\x87\xd0\xb0\xd1\x81\xd1\x82\xd0\xb8\xd0\xb5'
b'pay',b'paid',b'paid',b'\xd0\xbf\xd0\xbb\xd0\xb0\xd1\x82\xd0\xb8\xd1\x82\xd1\x8c'
b'plead',b'pleaded; pled',b'pleaded; pled',b'\xd0\xbe\xd0\xb1\xd1\x80\xd0\xb0\xd1\x89\xd0\xb0\xd1\x82\xd1\x8c\xd1\x81\xd1\x8f \xd0\xba \xd1\x81\xd1\x83\xd0\xb4\xd1\x83'
b'prepay',b'prepaid',b'prepaid',b'\xd0\xbf\xd0\xbb\xd0\xb0\xd1\x82\xd0\xb8\xd1\x82\xd1\x8c \xd0\xb2\xd0\xbf\xd0\xb5\xd1\x80\xd0\xb5\xd0\xb4'
b'prove',b'proved',b'proved; proven',b'\xd0\xb4\xd0\xbe\xd0\xba\xd0\xb0\xd0\xb7\xd1\x8b\xd0\xb2\xd0\xb0\xd1\x82\xd1\x8c; \xd0\xbe\xd0\xba\xd0\xb0\xd0\xb7\xd0\xb0\xd1\x82\xd1\x8c\xd1\x81\xd1\x8f'
b'put',b'put',b'put',b'\xd0\xba\xd0\xbb\xd0\xb0\xd1\x81\xd1\x82\xd1\x8c'
b'Q',b'Q',b'Q',b'Q'
b'\xd0\xb8',b'quit; quitted',b'quit; quitted',b'\xd0\xbf\xd0\xbe\xd0\xba\xd0\xb8\xd0\xb4\xd0\xb0\xd1\x82\xd1\x8c; \xd0\xbe\xd1\x81\xd1\x82\xd0\xb0\xd0\xb2\xd0\xbb\xd1\x8f\xd1\x82\xd1\x8c'
b'R',b'R',b'R',b'R'
b'read',b'read; red',b'read; red',b'\xd1\x87\xd0\xb8\xd1\x82\xd0\xb0\xd1\x82\xd1\x8c'
b'rebind',b'rebound',b'rebound',b'\xd0\xbf\xd0\xb5\xd1\x80\xd0\xb5\xd0\xb2\xd1\x8f\xd0\xb7\xd1\x8b\xd0\xb2\xd0\xb0\xd1\x82\xd1\x8c'
b'rebuild',b'rebuilt',b'rebuilt',b'\xd0\xbf\xd0\xb5\xd1\x80\xd0\xb5\xd1\x81\xd1\x82\xd1\x80\xd0\xbe\xd0\xb8\xd1\x82\xd1\x8c'
b'recast',b'recast',b'recast',b'\xd0\xb2\xd0\xb8\xd0\xb4\xd0\xbe\xd0\xb8\xd0\xb7\xd0\xbc\xd0\xb5\xd0\xbd\xd1\x8f\xd1\x82\xd1\x8c; \xd0\xbf\xd1\x80\xd0\xb5\xd0\xbe\xd0\xb1\xd1\x80\xd0\xb0\xd0\xb7\xd0\xbe\xd0\xb2\xd1\x8b\xd0\xb2\xd0\xb0\xd1\x82\xd1\x8c'
b'redo',b'redid',b'redone',b'\xd0\xbf\xd0\xbe\xd0\xb2\xd1\x82\xd0\xbe\xd1\x80\xd1\x8f\xd1\x82\xd1\x8c \xd1\x81\xd0\xb4\xd0\xb5\xd0\xbb\xd0\xb0\xd0\xbd\xd0\xbd\xd0\xbe\xd0\xb5'
b'rehear',b'reheard',b'reheard',b'\xd1\x81\xd0\xbb\xd1\x83\xd1\x88\xd0\xb0\xd1\x82\xd1\x8c \xd0\xb2\xd1\x82\xd0\xbe\xd1\x80\xd0\xb8\xd1\x87\xd0\xbd\xd0\xbe'
b'remake',b'remade',b'remade',b'\xd0\xbf\xd0\xb5\xd1\x80\xd0\xb5\xd0\xb4\xd0\xb5\xd0\xbb\xd1\x8b\xd0\xb2\xd0\xb0\xd1\x82\xd1\x8c'
b'rend',b'rent',b'rent',b'\xd1\x80\xd0\xb0\xd0\xb7\xd0\xb4\xd0\xb8\xd1\x80\xd0\xb0\xd1\x82\xd1\x8c'
b'repay',b'repaid',b'repaid',b'\xd0\xbe\xd1\x82\xd0\xb4\xd0\xb0\xd0\xb2\xd0\xb0\xd1\x82\xd1\x8c \xd0\xb4\xd0\xbe\xd0\xbb\xd0\xb3'
b'rerun',b'reran',b'rerun',b'\xd0\xb2\xd1\x8b\xd0\xbf\xd0\xbe\xd0\xbb\xd0\xbd\xd1\x8f\xd1\x82\xd1\x8c \xd0\xbf\xd0\xbe\xd0\xb2\xd1\x82\xd0\xbe\xd1\x80\xd0\xbd\xd0\xbe'
b'resell',b'resold',b'resold',b'\xd0\xbf\xd0\xb5\xd1\x80\xd0\xb5\xd0\xbf\xd1\x80\xd0\xbe\xd0\xb4\xd0\xb0\xd0\xb2\xd0\xb0\xd1\x82\xd1\x8c'
b'reset',b'reset',b'reset',b'\xd0\xb2\xd0\xbe\xd0\xb7\xd0\xb2\xd1\x80\xd0\xb0\xd1\x89\xd0\xb0\xd1\x82\xd1\x8c'
b'resit',b'resat',b'resat',b'\xd0\xbf\xd0\xb5\xd1\x80\xd0\xb5\xd1\x81\xd0\xb8\xd0\xb6\xd0\xb8\xd0\xb2\xd0\xb0\xd1\x82\xd1\x8c'
b'retake',b'retook',b'retaken',b'\xd0\xb7\xd0\xb0\xd0\xb1\xd0\xb8\xd1\x80\xd0\xb0\xd1\x82\xd1\x8c'
b'retell',b'retold',b'retold',b'\xd0\xbf\xd0\xb5\xd1\x80\xd0\xb5\xd1\x81\xd0\xba\xd0\xb0\xd0\xb7\xd1\x8b\xd0\xb2\xd0\xb0\xd1\x82\xd1\x8c'
b'rewrite',b'rewrote',b'rewritten',b'\xd0\xbf\xd0\xb5\xd1\x80\xd0\xb5(\xd0\xb7\xd0\xb0)\xd0\xbf\xd0\xb8\xd1\x81\xd0\xb0\xd1\x82\xd1\x8c'
b'rid',b'rid; ridded',b'rid; ridded',b'\xd0\xb8\xd0\xb7\xd0\xb1\xd0\xb0\xd0\xb2\xd0\xbb\xd1\x8f\xd1\x82\xd1\x8c'
b'ride',b'rode',b'ridden',b'\xd0\xb5\xd0\xb7\xd0\xb4\xd0\xb8\xd1\x82\xd1\x8c \xd0\xb2\xd0\xb5\xd1\x80\xd1\x85\xd0\xbe\xd0\xbc'
b'ring',b'rang',b'rung',b'\xd0\xb7\xd0\xb2\xd0\xbe\xd0\xbd\xd0\xb8\xd1\x82\xd1\x8c'
b'rise',b'rose',b'risen',b'\xd0\xbf\xd0\xbe\xd0\xb4\xd0\xbd\xd1\x8f\xd1\x82\xd1\x8c\xd1\x81\xd1\x8f'
b'rive',b'rived',b'riven',b'\xd1\x80\xd0\xb0\xd1\x81\xd1\x89\xd0\xb5\xd0\xbf\xd0\xbb\xd1\x8f\xd1\x82\xd1\x8c'
b'run',b'ran',b'run',b'\xd0\xb1\xd0\xb5\xd0\xb6\xd0\xb0\xd1\x82\xd1\x8c; \xd1\x82\xd0\xb5\xd1\x87\xd1\x8c'
b'S',b'S',b'S',b'S'
b'saw',b'sawed',b'sawn; sawed',b'\xd0\xbf\xd0\xb8\xd0\xbb\xd0\xb8\xd1\x82\xd1\x8c'
b'say',b'said',b'said',b'\xd0\xb3\xd0\xbe\xd0\xb2\xd0\xbe\xd1\x80\xd0\xb8\xd1\x82\xd1\x8c; \xd1\x81\xd0\xba\xd0\xb0\xd0\xb7\xd0\xb0\xd1\x82\xd1\x8c'
b'see',b'saw',b'seen',b'\xd0\xb2\xd0\xb8\xd0\xb4\xd0\xb5\xd1\x82\xd1\x8c'
b'seek',b'sought',b'sought',b'\xd0\xb8\xd1\x81\xd0\xba\xd0\xb0\xd1\x82\xd1\x8c'
b'sell',b'sold',b'sold',b'\xd0\xbf\xd1\x80\xd0\xbe\xd0\xb4\xd0\xb0\xd0\xb2\xd0\xb0\xd1\x82\xd1\x8c'
b'send',b'sent',b'sent',b'\xd0\xbf\xd0\xbe\xd1\x81\xd0\xbb\xd0\xb0\xd1\x82\xd1\x8c'
b'set',b'set',b'set',b'\xd1\x83\xd1\x81\xd1\x82\xd0\xb0\xd0\xbd\xd0\xb0\xd0\xb2\xd0\xbb\xd0\xb8\xd0\xb2\xd0\xb0\xd1\x82\xd1\x8c'
b'sew',b'sewed',b'sewed; sewn',b'\xd1\x88\xd0\xb8\xd1\x82\xd1\x8c'
b'shake',b'shook',b'shaken',b'\xd1\x82\xd1\x80\xd1\x8f\xd1\x81\xd1\x82\xd0\xb8'
b'shave',b'shaved',b'shaved; shaven',b'\xd0\xb1\xd1\x80\xd0\xb8\xd1\x82\xd1\x8c(\xd1\x81\xd1\x8f)'
b'shear',b'sheared',b'shorn; sheared',b'\xd1\x81\xd1\x82\xd1\x80\xd0\xb8\xd1\x87\xd1\x8c'
b'shed',b'shed',b'shed',b'\xd0\xbf\xd1\x80\xd0\xbe\xd0\xbb\xd0\xb8\xd0\xb2\xd0\xb0\xd1\x82\xd1\x8c'
b'shine',b'shone; shined',b'shone; shined',b'\xd1\x81\xd0\xb2\xd0\xb5\xd1\x82\xd0\xb8\xd1\x82\xd1\x8c; \xd1\x81\xd0\xb8\xd1\x8f\xd1\x82\xd1\x8c'
b'shoe',b'shod',b'shod',b'\xd0\xbe\xd0\xb1\xd1\x83\xd0\xb2\xd0\xb0\xd1\x82\xd1\x8c; \xd0\xbf\xd0\xbe\xd0\xb4\xd0\xba\xd0\xbe\xd0\xb2\xd1\x8b\xd0\xb2\xd0\xb0\xd1\x82\xd1\x8c'
b'shoot',b'shot',b'shot',b'\xd1\x81\xd1\x82\xd1\x80\xd0\xb5\xd0\xbb\xd1\x8f\xd1\x82\xd1\x8c; \xd0\xb4\xd0\xb0\xd0\xb2\xd0\xb0\xd1\x82\xd1\x8c \xd0\xbf\xd0\xbe\xd0\xb1\xd0\xb5\xd0\xb3\xd0\xb8'
b'show',b'showed',b'shown; showed',b'\xd0\xbf\xd0\xbe\xd0\xba\xd0\xb0\xd0\xb7\xd1\x8b\xd0\xb2\xd0\xb0\xd1\x82\xd1\x8c'
b'shred',b'shred; shredded',b'shred; shredded',b'\xd0\xba\xd1\x80\xd0\xbe\xd0\xbc\xd1\x81\xd0\xb0\xd1\x82\xd1\x8c; \xd1\x80\xd0\xb0\xd1\x81\xd0\xbf\xd0\xbe\xd0\xbb\xd0\xb7\xd0\xb0\xd1\x82\xd1\x8c\xd1\x81\xd1\x8f'
b'shrink',b'shrank; shrunk',b'shrunk',b'\xd1\x81\xd0\xbe\xd0\xba\xd1\x80\xd0\xb0\xd1\x89\xd0\xb0\xd1\x82\xd1\x8c\xd1\x81\xd1\x8f; \xd1\x81\xd0\xb6\xd0\xb8\xd0\xbc\xd0\xb0\xd1\x82\xd1\x8c\xd1\x81\xd1\x8f; \xd0\xbe\xd1\x82\xd0\xbf\xd1\x80\xd1\x8f\xd0\xbd\xd1\x83\xd1\x82\xd1\x8c'
b'shrive',b'shrove; shrived',b'shriven; shrived',b'\xd0\xb8\xd1\x81\xd0\xbf\xd0\xbe\xd0\xb2\xd0\xb5\xd0\xb4\xd0\xbe\xd0\xb2\xd0\xb0\xd1\x82\xd1\x8c'
b'shut',b'shut',b'shut',b'\xd0\xb7\xd0\xb0\xd0\xba\xd1\x80\xd1\x8b\xd0\xb2\xd0\xb0\xd1\x82\xd1\x8c'
b'sing',b'sang',b'sung',b'\xd0\xbf\xd0\xb5\xd1\x82\xd1\x8c'
b'sink',b'sank',b'sunk',b'\xd0\xbe\xd0\xbf\xd1\x83\xd1\x81\xd0\xba\xd0\xb0\xd1\x82\xd1\x8c\xd1\x81\xd1\x8f; \xd0\xbf\xd0\xbe\xd0\xb3\xd1\x80\xd1\x83\xd0\xb6\xd0\xb0\xd1\x82\xd1\x8c\xd1\x81\xd1\x8f; \xd1\x82\xd0\xbe\xd0\xbd\xd1\x83\xd1\x82\xd1\x8c'
b'sit',b'sat',b'sat',b'\xd1\x81\xd0\xb8\xd0\xb4\xd0\xb5\xd1\x82\xd1\x8c'
b'slay',b'slew',b'slain',b'\xd1\x83\xd0\xb1\xd0\xb8\xd0\xb2\xd0\xb0\xd1\x82\xd1\x8c'
b'sleep',b'slept',b'slept',b'\xd1\x81\xd0\xbf\xd0\xb0\xd1\x82\xd1\x8c'
b'slide',b'slid',b'slid',b'\xd1\x81\xd0\xba\xd0\xbe\xd0\xbb\xd1\x8c\xd0\xb7\xd0\xb8\xd1\x82\xd1\x8c'
b'sling',b'slung',b'slung',b'\xd1\x88\xd0\xb2\xd1\x8b\xd1\x80\xd1\x8f\xd1\x82\xd1\x8c; \xd0\xbf\xd0\xbe\xd0\xb4\xd0\xb2\xd0\xb5\xd1\x88\xd0\xb8\xd0\xb2\xd0\xb0\xd1\x82\xd1\x8c'
b'slink',b'slunk',b'slunk',b'\xd0\xb8\xd0\xb4\xd1\x82\xd0\xb8 \xd0\xba\xd1\x80\xd0\xb0\xd0\xb4\xd1\x83\xd1\x87\xd0\xb8\xd1\x81\xd1\x8c'
b'slit',b'slit',b'slit',b'\xd1\x80\xd0\xb0\xd0\xb7\xd0\xb4\xd0\xb8\xd1\x80\xd0\xb0\xd1\x82\xd1\x8c(\xd1\x81\xd1\x8f); \xd1\x80\xd0\xb0\xd0\xb7\xd1\x80\xd0\xb5\xd0\xb7\xd0\xb0\xd1\x82\xd1\x8c (\xd0\xb2\xd0\xb4\xd0\xbe\xd0\xbb\xd1\x8c)'
b'smell',b'smelt; smelled',b'smelt; smelled',b'\xd0\xbf\xd0\xb0\xd1\x85\xd0\xbd\xd1\x83\xd1\x82\xd1\x8c; \xd0\xbd\xd1\x8e\xd1\x85\xd0\xb0\xd1\x82\xd1\x8c'
b'smite',b'smote',b'smitten',b'\xd1\x83\xd0\xb4\xd0\xb0\xd1\x80\xd1\x8f\xd1\x82\xd1\x8c; \xd1\x80\xd0\xb0\xd0\xb7\xd0\xb1\xd0\xb8\xd0\xb2\xd0\xb0\xd1\x82\xd1\x8c'
b'sow',b'sowed',b'sowed; sown',b'(\xd0\xbf\xd0\xbe)\xd1\x81\xd0\xb5\xd1\x8f\xd1\x82\xd1\x8c'
b'speak',b'spoke',b'spoken',b'\xd0\xb3\xd0\xbe\xd0\xb2\xd0\xbe\xd1\x80\xd0\xb8\xd1\x82\xd1\x8c'
b'speed',b'sped; speeded',b'sped; speeded',b'\xd1\x83\xd1\x81\xd0\xba\xd0\xbe\xd1\x80\xd1\x8f\xd1\x82\xd1\x8c; \xd1\x81\xd0\xbf\xd0\xb5\xd1\x88\xd0\xb8\xd1\x82\xd1\x8c'
b'spell',b'spelt; spelled',b'spell; spelled',b'\xd0\xbf\xd0\xb8\xd1\x81\xd0\xb0\xd1\x82\xd1\x8c \xd0\xb8\xd0\xbb\xd0\xb8 \xd1\x87\xd0\xb8\xd1\x82\xd0\xb0\xd1\x82\xd1\x8c \xd0\xbf\xd0\xbe \xd0\xb1\xd1\x83\xd0\xba\xd0\xb2\xd0\xb0\xd0\xbc'
b'spend',b'spent',b'spent',b'\xd1\x82\xd1\x80\xd0\xb0\xd1\x82\xd0\xb8\xd1\x82\xd1\x8c'
b'spill',b'spilt; spilled',b'spilt; spilled',b'\xd0\xbf\xd1\x80\xd0\xbe\xd0\xbb\xd0\xb8\xd1\x82\xd1\x8c'
b'spin',b'spun; span',b'spun',b'\xd0\xbf\xd1\x80\xd1\x8f\xd1\x81\xd1\x82\xd1\x8c'
b'spit',b'spat; spit',b'spat; spit',b'\xd0\xbf\xd0\xbb\xd0\xb5\xd0\xb2\xd0\xb0\xd1\x82\xd1\x8c'
b'split',b'split',b'split',b'\xd1\x80\xd0\xb0\xd1\x81\xd1\x89\xd0\xb5\xd0\xbf\xd0\xb8\xd1\x82\xd1\x8c(\xd1\x81\xd1\x8f)'
b'spoil',b'spoilt; spoiled',b'spoilt; spoiled',b'\xd0\xbf\xd0\xbe\xd1\x80\xd1\x82\xd0\xb8\xd1\x82\xd1\x8c'
b'spotlight',b'spotlit; spotlighted',b'spotlit; spotlighted',b'\xd0\xbe\xd1\x81\xd0\xb2\xd0\xb5\xd1\x82\xd0\xb8\xd1\x82\xd1\x8c'
b'spread',b'spread',b'spread',b'\xd1\x80\xd0\xb0\xd1\x81\xd0\xbf\xd1\x80\xd0\xbe\xd1\x81\xd1\x82\xd1\x80\xd0\xb0\xd0\xbd\xd0\xb8\xd1\x82\xd1\x8c\xd1\x81\xd1\x8f'
b'spring',b'sprang',b'sprung',b'\xd0\xb2\xd1\x81\xd0\xba\xd0\xbe\xd1\x87\xd0\xb8\xd1\x82\xd1\x8c; \xd0\xb2\xd0\xbe\xd0\xb7\xd0\xbd\xd0\xb8\xd0\xba\xd0\xbd\xd1\x83\xd1\x82\xd1\x8c'
b'stand',b'stood',b'stood',b'\xd1\x81\xd1\x82\xd0\xbe\xd1\x8f\xd1\x82\xd1\x8c'
b'stave',b'staved; stove',b'staved; stove',b'\xd0\xbf\xd1\x80\xd0\xbe\xd0\xbb\xd0\xb0\xd0\xbc\xd1\x8b\xd0\xb2\xd0\xb0\xd1\x82\xd1\x8c; \xd1\x80\xd0\xb0\xd0\xb7\xd0\xb1\xd0\xb8(\xd0\xb2\xd0\xb0)\xd1\x82\xd1\x8c'
b'steal',b'stole',b'stolen',b'\xd1\x83\xd0\xba\xd1\x80\xd0\xb0\xd1\x81\xd1\x82\xd1\x8c'
b'stick',b'stuck',b'stuck',b'\xd1\x83\xd0\xba\xd0\xbe\xd0\xbb\xd0\xbe\xd1\x82\xd1\x8c; \xd0\xbf\xd1\x80\xd0\xb8\xd0\xba\xd0\xbb\xd0\xb5\xd0\xb8\xd1\x82\xd1\x8c'
b'sting',b'stung',b'stung',b'\xd1\x83\xd0\xb6\xd0\xb0\xd0\xbb\xd0\xb8\xd1\x82\xd1\x8c'
b'stink',b'stank; stunk',b'stunk',b'\xd0\xb2\xd0\xbe\xd0\xbd\xd1\x8f\xd1\x82\xd1\x8c'
b'strew',b'strewed',b'strewn; strewed',b'\xd1\x83\xd1\x81\xd0\xb5\xd1\x8f\xd1\x82\xd1\x8c; \xd1\x83\xd1\x81\xd1\x82\xd0\xbb\xd0\xb0\xd1\x82\xd1\x8c'
b'stride',b'strode',b'stridden',b'\xd1\x88\xd0\xb0\xd0\xb3\xd0\xb0\xd1\x82\xd1\x8c'
b'strike',b'struck',b'struck',b'\xd1\x83\xd0\xb4\xd0\xb0\xd1\x80\xd0\xb8\xd1\x82\xd1\x8c; \xd0\xb1\xd0\xb8\xd1\x82\xd1\x8c; \xd0\xb1\xd0\xb0\xd1\x81\xd1\x82\xd0\xbe\xd0\xb2\xd0\xb0\xd1\x82\xd1\x8c'
b'string',b'strung',b'strung',b'\xd0\xbd\xd0\xb0\xd0\xbd\xd0\xb8\xd0\xb7\xd0\xb0\xd1\x82\xd1\x8c; \xd0\xbd\xd0\xb0\xd1\x82\xd1\x8f\xd0\xbd\xd1\x83\xd1\x82\xd1\x8c'
b'strive',b'strove',b'striven',b'\xd1\x81\xd1\x82\xd0\xb0\xd1\x80\xd0\xb0\xd1\x82\xd1\x8c\xd1\x81\xd1\x8f'
b'sublet',b'sublet',b'sublet',b'\xd0\xbf\xd0\xb5\xd1\x80\xd0\xb5\xd0\xb4\xd0\xb0\xd0\xb2\xd0\xb0\xd1\x82\xd1\x8c \xd0\xb2 \xd1\x81\xd1\x83\xd0\xb1\xd0\xb0\xd1\x80\xd0\xb5\xd0\xbd\xd0\xb4\xd1\x83'
b'swear',b'swore',b'sworn',b'(\xd0\xbf\xd0\xbe)\xd0\xba\xd0\xbb\xd1\x8f\xd1\x81\xd1\x82\xd1\x8c\xd1\x81\xd1\x8f; \xd0\xbf\xd1\x80\xd0\xb8\xd1\x81\xd1\x8f\xd0\xb3\xd0\xbd\xd1\x83\xd1\x82\xd1\x8c'
b'sweep',b'swept',b'swept',b'\xd0\xbc\xd0\xb5\xd1\x81\xd1\x82\xd0\xb8; \xd0\xbf\xd1\x80\xd0\xbe\xd0\xbc\xd1\x87\xd0\xb0\xd1\x82\xd1\x8c\xd1\x81\xd1\x8f'
b'swell',b'swelled',b'swollen; swelled',b'\xd0\xb2\xd0\xb7\xd0\xb4\xd1\x83\xd1\x82\xd1\x8c\xd1\x81\xd1\x8f'
b'swim',b'swam',b'swum',b'\xd0\xbf\xd0\xbb\xd1\x8b\xd1\x82\xd1\x8c'
b'swing',b'swung',b'swung',b'\xd0\xba\xd0\xb0\xd1\x87\xd0\xb0\xd1\x82\xd1\x8c\xd1\x81\xd1\x8f'
b'T',b'T',b'T',b'T'
b'take',b'took',b'taken',b'\xd0\xb2\xd0\xb7\xd1\x8f\xd1\x82\xd1\x8c; \xd0\xb1\xd1\x80\xd0\xb0\xd1\x82\xd1\x8c'
b'teach',b'taught',b'taught',b'\xd1\x83\xd1\x87\xd0\xb8\xd1\x82\xd1\x8c'
b'tear',b'tore',b'torn',b'\xd1\x80\xd0\xb2\xd0\xb0\xd1\x82\xd1\x8c'
b'tell',b'told',b'told',b'\xd1\x80\xd0\xb0\xd1\x81\xd1\x81\xd0\xba\xd0\xb0\xd0\xb7\xd1\x8b\xd0\xb2\xd0\xb0\xd1\x82\xd1\x8c; \xd1\x81\xd0\xba\xd0\xb0\xd0\xb7\xd0\xb0\xd1\x82\xd1\x8c'
b'think',b'thought',b'thought',b'\xd0\xb4\xd1\x83\xd0\xbc\xd0\xb0\xd1\x82\xd1\x8c'
b'thrive',b'throve; trived',b'thriven; trived',b'\xd0\xbf\xd1\x80\xd0\xbe\xd1\x86\xd0\xb2\xd0\xb5\xd1\x82\xd0\xb0\xd1\x82\xd1\x8c'
b'throw',b'threw',b'thrown',b'\xd0\xb1\xd1\x80\xd0\xbe\xd1\x81\xd0\xb8\xd1\x82\xd1\x8c'
b'thrust',b'thrust',b'thrust',b'\xd1\x82\xd0\xbe\xd0\xbb\xd0\xba\xd0\xbd\xd1\x83\xd1\x82\xd1\x8c; \xd1\x81\xd1\x83\xd0\xbd\xd1\x83\xd1\x82\xd1\x8c'
b'tread',b'trod',b'trod; trodden',b'\xd1\x81\xd1\x82\xd1\x83\xd0\xbf\xd0\xb0\xd1\x82\xd1\x8c'
b'U',b'U',b'U',b'U'
b'unbend',b'unbent',b'unbent',b'\xd1\x80\xd0\xb0\xd0\xb7\xd0\xbe\xd0\xb3\xd0\xbd\xd1\x83\xd1\x82\xd1\x8c(\xd1\x81\xd1\x8f)'
b'underbid',b'underbid',b'underbid',b'\xd1\x81\xd0\xbd\xd0\xb8\xd0\xb6\xd0\xb0\xd1\x82\xd1\x8c \xd1\x86\xd0\xb5\xd0\xbd\xd1\x83'
b'undercut',b'undercut',b'undercut',b'\xd1\x81\xd0\xb1\xd0\xb8\xd0\xb2\xd0\xb0\xd1\x82\xd1\x8c \xd1\x86\xd0\xb5\xd0\xbd\xd1\x8b'
b'undergo',b'underwent',b'undergone',b'\xd0\xbf\xd1\x80\xd0\xbe\xd1\x85\xd0\xbe\xd0\xb4\xd0\xb8\xd1\x82\xd1\x8c; \xd0\xbf\xd0\xbe\xd0\xb4\xd0\xb2\xd0\xb5\xd1\x80\xd0\xb3\xd0\xb0\xd1\x82\xd1\x8c\xd1\x81\xd1\x8f'
b'underlie',b'underlay',b'underlain',b'\xd0\xbb\xd0\xb5\xd0\xb6\xd0\xb0\xd1\x82\xd1\x8c \xd0\xb2 \xd0\xbe\xd1\x81\xd0\xbd\xd0\xbe\xd0\xb2\xd0\xb5'
b'underpay',b'underpaid',b'underpaid',b'\xd0\xbe\xd0\xbf\xd0\xbb\xd0\xb0\xd1\x87\xd0\xb8\xd0\xb2\xd0\xb0\xd1\x82\xd1\x8c \xd1\x81\xd0\xbb\xd0\xb8\xd1\x88\xd0\xba\xd0\xbe\xd0\xbc \xd0\xbd\xd0\xb8\xd0\xb7\xd0\xba\xd0\xbe'
b'undersell',b'undersold',b'undersold',b'\xd0\xbf\xd1\x80\xd0\xbe\xd0\xb4\xd0\xb0\xd0\xb2\xd0\xb0\xd1\x82\xd1\x8c \xd0\xb4\xd0\xb5\xd1\x88\xd0\xb5\xd0\xb2\xd0\xbb\xd0\xb5'
b'understand',b'understood',b'understood',b'\xd0\xbf\xd0\xbe\xd0\xbd\xd0\xb8\xd0\xbc\xd0\xb0\xd1\x82\xd1\x8c'
b'undertake',b'undertook',b'undertaken',b'\xd0\xbf\xd1\x80\xd0\xb5\xd0\xb4\xd0\xbf\xd1\x80\xd0\xb8\xd0\xbd\xd1\x8f\xd1\x82\xd1\x8c'
b'underwrite',b'underwrote',b'underwritten',b'\xd0\xbf\xd0\xbe\xd0\xb4\xd0\xbf\xd0\xb8\xd1\x81\xd1\x8b\xd0\xb2\xd0\xb0(\xd1\x82\xd1\x8c)\xd1\x81\xd1\x8f'
b'undo',b'undid',b'undone',b'\xd1\x83\xd0\xbd\xd0\xb8\xd1\x87\xd1\x82\xd0\xbe\xd0\xb6\xd0\xb0\xd1\x82\xd1\x8c \xd1\x81\xd0\xb4\xd0\xb5\xd0\xbb\xd0\xb0\xd0\xbd\xd0\xbd\xd0\xbe\xd0\xb5'
b'unfreeze',b'unfroze',b'unfrozen',b'\xd1\x80\xd0\xb0\xd0\xb7\xd0\xbc\xd0\xbe\xd1\x80\xd0\xb0\xd0\xb6\xd0\xb8\xd0\xb2\xd0\xb0\xd1\x82\xd1\x8c'
b'unsay',b'unsaid',b'unsaid',b'\xd0\xb1\xd1\x80\xd0\xb0\xd1\x82\xd1\x8c \xd0\xbd\xd0\xb0\xd0\xb7\xd0\xb0\xd0\xb4 \xd1\x81\xd0\xb2\xd0\xbe\xd0\xb8 \xd1\x81\xd0\xbb\xd0\xbe\xd0\xb2\xd0\xb0'
b'unwind',b'unwound',b'unwound',b'\xd1\x80\xd0\xb0\xd0\xb7\xd0\xb2\xd0\xb5\xd1\x80\xd1\x82\xd1\x8b\xd0\xb2\xd0\xb0\xd1\x82\xd1\x8c'
b'uphold',b'upheld',b'upheld',b'\xd0\xbf\xd0\xbe\xd0\xb4\xd0\xb4\xd0\xb5\xd1\x80\xd0\xb6\xd0\xb8\xd0\xb2\xd0\xb0\xd1\x82\xd1\x8c'
b'upset',b'upset',b'upset',b'\xd0\xbe\xd0\xbf\xd1\x80\xd0\xbe\xd0\xba\xd0\xb8\xd0\xbd\xd1\x83\xd1\x82\xd1\x8c(\xd1\x81\xd1\x8f)'
b'W',b'W',b'W',b'W'
b'wake',b'woke; waked',b'woken; waked',b'\xd0\xbf\xd1\x80\xd0\xbe\xd1\x81\xd1\x8b\xd0\xbf\xd0\xb0\xd1\x82\xd1\x8c\xd1\x81\xd1\x8f; \xd0\xb1\xd1\x83\xd0\xb4\xd0\xb8\xd1\x82\xd1\x8c'
b'waylay',b'waylaid',b'waylaid',b'\xd0\xbf\xd0\xbe\xd0\xb4\xd1\x81\xd1\x82\xd0\xb5\xd1\x80\xd0\xb5\xd0\xb3\xd0\xb0\xd1\x82\xd1\x8c'
b'wear',b'wore',b'worn',b'\xd0\xbd\xd0\xbe\xd1\x81\xd0\xb8\xd1\x82\xd1\x8c(\xd0\xbe\xd0\xb4\xd0\xb5\xd0\xb6\xd0\xb4\xd1\x83)'
b'weave',b'wove; weaved',b'woven; weaved',b'\xd1\x82\xd0\xba\xd0\xb0\xd1\x82\xd1\x8c'
b'wed',b'wed; wedded',b'wed; wedded',b'\xd0\xb2\xd1\x8b\xd0\xb4\xd0\xb0\xd0\xb2\xd0\xb0\xd1\x82\xd1\x8c \xd0\xb7\xd0\xb0\xd0\xbc\xd1\x83\xd0\xb6'
b'weep',b'wept',b'wept',b'\xd0\xbf\xd0\xbb\xd0\xb0\xd0\xba\xd0\xb0\xd1\x82\xd1\x8c'
b'wet',b'wet; wetted',b'wet; wetted',b'\xd0\xbc\xd0\xbe\xd1\x87\xd0\xb8\xd1\x82\xd1\x8c; \xd1\x83\xd0\xb2\xd0\xbb\xd0\xb0\xd0\xb6\xd0\xbd\xd1\x8f\xd1\x82\xd1\x8c'
b'win',b'won',b'won',b'\xd0\xb2\xd1\x8b\xd0\xb8\xd0\xb3\xd1\x80\xd0\xb0\xd1\x82\xd1\x8c'
b'wind',b'wound',b'wound',b'\xd0\xb7\xd0\xb0\xd0\xb2\xd0\xbe\xd0\xb4\xd0\xb8\xd1\x82\xd1\x8c (\xd0\xbc\xd0\xb5\xd1\x85\xd0\xb0\xd0\xbd\xd0\xb8\xd0\xb7\xd0\xbc)'
b'withdraw',b'withdrew',b'withdrawn',b'\xd0\xb2\xd0\xb7\xd1\x8f\xd1\x82\xd1\x8c \xd0\xbd\xd0\xb0\xd0\xb7\xd0\xb0\xd0\xb4; \xd0\xbe\xd1\x82\xd0\xbe\xd0\xb7\xd0\xb2\xd0\xb0\xd1\x82\xd1\x8c'
b'withhold',b'withheld',b'withheld',b'\xd1\x83\xd0\xb4\xd0\xb5\xd1\x80\xd0\xb6\xd0\xb8\xd0\xb2\xd0\xb0\xd1\x82\xd1\x8c'
b'withstand',b'withstood',b'withstood',b'\xd0\xbf\xd1\x80\xd0\xbe\xd1\x82\xd0\xb8\xd0\xb2\xd0\xb8\xd1\x82\xd1\x8c\xd1\x81\xd1\x8f'
b'work',b'worked; wrought',b'worked; wrought',b'\xd1\x80\xd0\xb0\xd0\xb1\xd0\xbe\xd1\x82\xd0\xb0\xd1\x82\xd1\x8c'
b'wring',b'wrung',b'wrung',b'\xd1\x81\xd0\xba\xd1\x80\xd1\x83\xd1\x82\xd0\xb8\xd1\x82\xd1\x8c; \xd1\x81\xd0\xb6\xd0\xb0\xd1\x82\xd1\x8c'
b'write',b'wrote',b'written',b'\xd0\xbf\xd0\xb8\xd1\x81\xd0\xb0\xd1\x82\xd1\x8c'
